A,B,C,D,Date,E,F,G,GeoID,H,I,J,K,L,M,N,O,P,Q,R,S,SUMLEV,T,U,V,W,Y,Z,date,state,county
499386,21084,53166.0,2091876.0,Apr_10_2020,502381.0,33473,7.18,00,12.02,221960,80.01,498123,39439.67,13152,165.81,21047,56883.78,2263.0,0.15,0.01,us,154.66,6.53,310925.0,16780.0,5.2,96.29,2020-04-10,,
531106,23168,55573.0,2198468.0,Apr_11_2020,532882.0,31720,6.35,00,9.88,218581,69.94,529438,31740.89,13680,144.18,23125,53779.07,2084.0,0.16,0.01,us,164.48,7.17,342645.0,18864.0,5.84,106.11,2020-04-11,,
558249,24849,55427.0,2309672.0,Apr_12_2020,560666.0,27143,5.11,00,7.26,220108,65.09,556025,25001.12,13993,128.9,24799,49598.0,1681.0,0.17,0.01,us,172.88,7.7,369788.0,20545.0,6.36,114.52,2020-04-12,,
584018,26613,56184.0,2419021.0,Apr_13_2020,585861.0,25769,4.62,00,7.1,214961,58.25,581120,20052.45,14231,114.93,26553,44255.0,1764.0,0.18,0.01,us,180.86,8.24,395557.0,22309.0,6.91,122.5,2020-04-13,,
610709,29318,59610.0,2545433.0,Apr_14_2020,611580.0,26691,4.57,00,10.16,211315,52.91,607109,16864.14,14702,100.59,29250,43014.71,2705.0,0.19,0.01,us,189.13,9.08,422248.0,25014.0,7.75,130.77,2020-04-14,,
640742,32070,59940.0,2652457.0,Apr_15_2020,641887.0,30033,4.92,00,9.39,209528,48.59,636235,14116.6,15369,92.02,31979,35141.76,2752.0,0.2,0.01,us,198.43,9.93,452281.0,27766.0,8.6,140.07,2020-04-15,,
672355,34419,59499.0,2785630.0,Apr_16_2020,672865.0,31613,4.93,00,7.32,206442,44.31,666449,11284.27,15598,82.88,34302,29317.95,2349.0,0.21,0.01,us,208.22,10.66,483894.0,30115.0,9.33,149.86,2020-04-16,,
703864,36708,58895.0,2912972.0,Apr_17_2020,704889.0,31509,4.69,00,6.65,204478,40.95,695514,8329.51,15624,74.1,36546,22559.26,2289.0,0.22,0.01,us,217.98,11.37,515403.0,32404.0,10.04,159.62,2020-04-17,,
732262,38659,57761.0,3031223.0,Apr_18_2020,732796.0,28398,4.03,00,5.31,201156,37.87,719869,5808.67,15491,66.86,38447,18135.38,1951.0,0.23,0.01,us,226.77,11.97,543801.0,34355.0,10.64,168.41,2020-04-18,,
757596,40179,56486.0,3158055.0,Apr_19_2020,760183.0,25334,3.46,00,3.93,199347,35.71,739584,4106.06,15330,61.69,39902,14405.05,1520.0,0.23,0.01,us,234.62,12.44,569135.0,35875.0,11.11,176.26,2020-04-19,,
215391,5325,20775.0,984489.0,Apr_1_2020,224086.0,26930,14.29,00,23.72,146819,214.11,215287,207006.73,4271,405.22,5319,88650.0,1021.0,0.07,0.0,us,66.7,1.65,26930.0,1021.0,0.32,8.34,2020-04-01,,
784991,42016,56734.0,3278424.0,Apr_20_2020,786080.0,27395,3.62,00,4.57,200973,34.41,760463,3100.39,15403,57.88,41656,11571.11,1837.0,0.24,0.01,us,243.1,13.01,596530.0,37712.0,11.68,184.74,2020-04-20,,
810505,44688,59780.0,3405487.0,Apr_21_2020,812447.0,25514,3.25,00,6.36,199796,32.72,777432,2350.65,15370,52.43,44230,9657.21,2672.0,0.25,0.01,us,251.01,13.84,622044.0,40384.0,12.51,192.64,2020-04-21,,
839336,47059,59202.0,3700716.0,Apr_22_2020,841406.0,28831,3.56,00,5.31,198594,30.99,795831,1829.29,14989,46.74,46480,8027.63,2371.0,0.26,0.01,us,259.93,14.57,650875.0,42755.0,13.24,201.57,2020-04-22,,
873112,49228,58989.0,3862346.0,Apr_23_2020,873218.0,33776,4.02,00,4.61,200757,29.86,819174,1518.73,14809,43.03,48443,6171.08,2169.0,0.27,0.02,us,270.39,15.25,684651.0,44924.0,13.91,212.03,2020-04-23,,
909853,51360,57295.0,4064631.0,Apr_24_2020,907449.0,36741,4.21,00,4.33,205989,29.27,841281,1226.86,14652,39.92,50306,4772.87,2132.0,0.28,0.02,us,281.77,15.91,721392.0,47056.0,14.57,223.41,2020-04-24,,
944261,53327,57381.0,4305348.0,Apr_25_2020,943338.0,34408,3.78,00,3.83,211999,28.95,858691,1003.5,14668,37.94,51974,3841.39,1967.0,0.29,0.02,us,292.43,16.51,755800.0,49023.0,15.18,234.06,2020-04-25,,
970996,54580,56192.0,4484632.0,Apr_26_2020,970648.0,26735,2.83,00,2.35,213400,28.17,868096,843.63,14401,35.84,52810,2983.62,1253.0,0.3,0.02,us,300.71,16.9,782535.0,50276.0,15.57,242.34,2020-04-26,,
994193,56022,56189.0,4658012.0,Apr_27_2020,993356.0,23197,2.39,00,2.64,209202,26.65,870227,701.99,14006,33.33,53722,2335.74,1442.0,0.31,0.02,us,307.89,17.35,805732.0,51718.0,16.02,249.53,2020-04-27,,
1018844,58416,56062.0,4839965.0,Apr_28_2020,1018636.0,24651,2.48,00,4.27,208339,25.7,876358,615.05,13728,30.72,55698,2049.23,2394.0,0.32,0.02,us,315.53,18.09,830383.0,54112.0,16.76,257.16,2020-04-28,,
1045399,60930,55979.0,5052618.0,Apr_29_2020,1044804.0,26555,2.61,00,4.3,206063,24.55,881444,537.61,13871,29.48,57562,1709.09,2514.0,0.32,0.02,us,323.75,18.87,856938.0,56626.0,17.54,265.39,2020-04-29,,
245108,6541,22956.0,1075547.0,Apr_2_2020,252146.0,29717,13.8,00,22.84,159538,186.44,244983,195986.4,5188,383.44,6531,65310.0,1216.0,0.08,0.0,us,75.91,2.03,56647.0,2237.0,0.69,17.54,2020-04-02,,
1075756,63140,54919.0,5256521.0,Apr_30_2020,1074779.0,30357,2.9,00,3.63,202644,23.21,887295,470.81,13912,28.26,58836,1367.01,2210.0,0.33,0.02,us,333.15,19.55,887295.0,58836.0,18.22,274.79,2020-04-30,,
277426,7932,25729.0,1176560.0,Apr_3_2020,284222.0,32318,13.19,00,21.27,174526,169.61,277265,172214.29,6162,348.14,7920,66000.0,1391.0,0.09,0.0,us,85.92,2.46,88965.0,3628.0,1.12,27.55,2020-04-03,,
312525,9488,30266.0,1372626.0,Apr_4_2020,317434.0,35099,12.65,00,19.62,188559,152.11,312297,136972.37,7188,312.52,9476,78966.67,1556.0,0.1,0.0,us,96.79,2.94,124064.0,5184.0,1.61,38.42,2020-04-04,,
338141,10856,32169.0,1466925.0,Apr_5_2020,342934.0,25616,8.2,00,14.42,195655,137.32,337830,108627.01,8138,299.41,10841,72273.33,1368.0,0.1,0.0,us,104.72,3.36,149680.0,6552.0,2.03,46.35,2020-04-05,,
369057,12382,36156.0,1590178.0,Apr_6_2020,371936.0,30916,9.14,00,14.06,205102,125.1,368629,86128.27,9014,267.64,12363,65068.42,1526.0,0.11,0.0,us,114.29,3.83,180596.0,8078.0,2.5,55.93,2020-04-06,,
399394,14616,43799.0,1713782.0,Apr_7_2020,402821.0,30337,8.22,00,18.04,210933,111.92,398847,72915.36,10312,239.59,14594,66336.36,2234.0,0.12,0.0,us,123.69,4.53,210933.0,10312.0,3.19,65.32,2020-04-07,,
431214,16701,45492.0,1830936.0,Apr_8_2020,433498.0,31820,7.97,00,14.27,215823,100.2,430466,57548.93,11376,213.63,16675,64134.62,2085.0,0.13,0.01,us,133.54,5.17,242753.0,12397.0,3.84,75.18,2020-04-08,,
465913,18821,51305.0,1967684.0,Apr_9_2020,468001.0,34699,8.05,00,12.69,220805,90.08,464895,45667.49,12280,187.74,18790,60612.9,2120.0,0.14,0.01,us,144.29,5.83,277452.0,14517.0,4.5,85.92,2020-04-09,,
5103611,163023,48635.0,57658417.0,Aug_10_2020,5063522.0,47173,0.93,00,0.33,376836,7.97,1843137,56.53,7078,4.54,28441,21.13,537.0,1.58,0.05,us,1580.54,50.49,531942.0,9161.0,2.84,164.74,2020-08-10,,
5156968,164474,48498.0,58357174.0,Aug_11_2020,5119223.0,53357,1.05,00,0.89,376644,7.88,1838689,55.41,7173,4.56,29497,21.85,1451.0,1.6,0.05,us,1597.06,50.94,585299.0,10612.0,3.29,181.26,2020-08-11,,
5211246,165952,47991.0,58796198.0,Aug_12_2020,5175357.0,54278,1.05,00,0.9,377199,7.8,1831400,54.19,7398,4.67,30550,22.56,1478.0,1.61,0.05,us,1613.87,51.39,639577.0,12090.0,3.74,198.07,2020-08-12,,
5265307,167165,47218.0,59639733.0,Aug_13_2020,5227116.0,54061,1.04,00,0.73,373746,7.64,1819859,52.82,7540,4.72,30809,22.59,1213.0,1.63,0.05,us,1630.62,51.77,693638.0,13303.0,4.12,214.81,2020-08-13,,
5324784,168341,45776.0,60438637.0,Aug_14_2020,5282752.0,59477,1.13,00,0.7,372066,7.51,1810994,51.54,7360,4.57,31014,22.58,1176.0,1.65,0.05,us,1649.04,52.13,753115.0,14479.0,4.48,233.23,2020-08-14,,
5375527,169400,44795.0,61131947.0,Aug_15_2020,5338901.0,50743,0.95,00,0.63,367569,7.34,1786050,49.76,7453,4.6,31115,22.5,1059.0,1.66,0.05,us,1664.75,52.46,803858.0,15538.0,4.81,248.95,2020-08-15,,
5417664,169914,44046.0,61872546.0,Aug_16_2020,5381388.0,42137,0.78,00,0.3,361226,7.14,1757264,48.01,7428,4.57,30728,22.08,514.0,1.68,0.05,us,1677.8,52.62,845995.0,16052.0,4.97,262.0,2020-08-16,,
5455187,170449,43485.0,62498392.0,Aug_17_2020,5419268.0,37523,0.69,00,0.31,351576,6.89,1732336,46.53,7426,4.56,30488,21.78,535.0,1.69,0.05,us,1689.42,52.79,883518.0,16587.0,5.14,273.62,2020-08-17,,
5498420,171798,43758.0,63115251.0,Aug_18_2020,5460063.0,43233,0.79,00,0.79,341452,6.62,1713294,45.26,7324,4.45,31425,22.39,1349.0,1.7,0.05,us,1702.81,53.2,926751.0,17936.0,5.55,287.01,2020-08-18,,
5541433,173093,43330.0,63760074.0,Aug_19_2020,5505018.0,43013,0.78,00,0.75,330187,6.34,1696419,44.12,7141,4.3,32189,22.84,1295.0,1.72,0.05,us,1716.13,53.61,969764.0,19231.0,5.96,300.33,2020-08-19,,
4628497,154917,54470.0,51629781.0,Aug_1_2020,4600847.0,56828,1.24,00,0.69,438160,10.46,1869642,67.77,8604,5.88,26090,20.25,1055.0,1.43,0.05,us,1433.4,47.98,56828.0,1055.0,0.33,17.6,2020-08-01,,
5587462,174136,41988.0,64394152.0,Aug_20_2020,5548776.0,46029,0.83,00,0.6,322155,6.12,1677171,42.89,6971,4.17,32105,22.6,1043.0,1.73,0.05,us,1730.38,53.93,1015793.0,20274.0,6.28,314.58,2020-08-20,,
5636491,175297,40951.0,65091206.0,Aug_21_2020,5595337.0,49029,0.88,00,0.67,311707,5.85,1656461,41.62,6956,4.13,32130,22.44,1161.0,1.75,0.05,us,1745.57,54.29,1064822.0,21435.0,6.64,329.77,2020-08-21,,
5681517,176247,39894.0,65801499.0,Aug_22_2020,5641573.0,45026,0.8,00,0.54,305990,5.69,1631481,40.28,6847,4.04,31964,22.15,950.0,1.76,0.05,us,1759.51,54.58,1109848.0,22385.0,6.93,343.71,2020-08-22,,
5713850,176693,39017.0,66379446.0,Aug_23_2020,5679139.0,32333,0.57,00,0.25,296186,5.47,1590289,38.57,6779,3.99,31264,21.5,446.0,1.77,0.05,us,1769.53,54.72,1142181.0,22831.0,7.07,353.72,2020-08-23,,
5754254,177197,38673.0,67027456.0,Aug_24_2020,5713782.0,40404,0.71,00,0.29,299067,5.48,1563917,37.32,6748,3.96,30884,21.11,504.0,1.78,0.05,us,1782.04,54.88,1182585.0,23335.0,7.23,366.24,2020-08-24,,
5793437,178410,38779.0,67625238.0,Aug_25_2020,5750161.0,39183,0.68,00,0.68,295017,5.37,1548883,36.49,6612,3.85,31657,21.57,1213.0,1.79,0.06,us,1794.17,55.25,1221768.0,24548.0,7.6,378.37,2020-08-25,,
5838756,179603,38401.0,68256910.0,Aug_26_2020,5794214.0,45319,0.78,00,0.67,297323,5.37,1535021,35.67,6510,3.76,31154,20.99,1193.0,1.81,0.06,us,1808.21,55.62,1267087.0,25741.0,7.97,392.4,2020-08-26,,
5884366,180729,37464.0,68954986.0,Aug_27_2020,5838198.0,45610,0.78,00,0.63,296904,5.31,1517515,34.75,6593,3.79,30953,20.67,1126.0,1.82,0.06,us,1822.33,55.97,1312697.0,26867.0,8.32,406.53,2020-08-27,,
5930930,181739,37239.0,69680696.0,Aug_28_2020,5884746.0,46564,0.79,00,0.56,294439,5.22,1497463,33.78,6442,3.67,30567,20.22,1010.0,1.84,0.06,us,1836.75,56.28,1359261.0,27877.0,8.63,420.95,2020-08-28,,
5975540,182610,36428.0,70400432.0,Aug_29_2020,5929247.0,44610,0.75,00,0.48,294023,5.18,1472959,32.71,6363,3.61,30177,19.8,871.0,1.85,0.06,us,1850.57,56.55,1403871.0,28748.0,8.9,434.77,2020-08-29,,
4679291,155337,54017.0,52273107.0,Aug_2_2020,4647659.0,50794,1.1,00,0.27,434737,10.24,1863282,66.17,8584,5.85,25919,20.03,420.0,1.45,0.05,us,1449.13,48.11,107622.0,1475.0,0.46,33.33,2020-08-02,,
6008970,182984,35726.0,71100440.0,Aug_30_2020,5968748.0,33430,0.56,00,0.2,295120,5.16,1437301,31.44,6291,3.56,29122,18.93,374.0,1.86,0.06,us,1860.92,56.67,1437301.0,29122.0,9.02,445.12,2020-08-30,,
6045455,183472,35352.0,71749439.0,Aug_31_2020,6000154.0,36485,0.61,00,0.27,291201,5.06,1416958,30.61,6275,3.54,28555,18.43,488.0,1.87,0.06,us,1872.22,56.82,1473786.0,29610.0,9.17,456.42,2020-08-31,,
4726775,155945,53377.0,52965810.0,Aug_3_2020,4697372.0,47484,1.01,00,0.39,423040,9.83,1860760,64.92,7496,5.05,26266,20.25,608.0,1.46,0.05,us,1463.84,48.29,155106.0,2083.0,0.65,48.03,2020-08-03,,
4780324,157301,53326.0,53625363.0,Aug_4_2020,4749238.0,53549,1.13,00,0.87,413473,9.47,1869542,64.23,7525,5.02,27360,21.06,1356.0,1.48,0.05,us,1480.42,48.71,208655.0,3439.0,1.07,64.62,2020-08-04,,
4834047,158554,53353.0,54268978.0,Aug_5_2020,4801562.0,53723,1.12,00,0.8,400580,9.04,1875949,63.42,7382,4.88,28222,21.65,1253.0,1.5,0.05,us,1497.06,49.1,262378.0,4692.0,1.45,81.26,2020-08-05,,
4891561,159625,53132.0,54960377.0,Aug_6_2020,4855749.0,57514,1.19,00,0.68,388980,8.64,1879379,62.39,7192,4.72,28335,21.58,1071.0,1.51,0.05,us,1514.87,49.43,319892.0,5763.0,1.78,99.07,2020-08-06,,
4952718,160981,51207.0,55676096.0,Aug_7_2020,4917094.0,61157,1.25,00,0.85,381049,8.34,1881081,61.24,7119,4.63,28743,21.74,1356.0,1.53,0.05,us,1533.81,49.85,381049.0,7119.0,2.2,118.01,2020-08-07,,
5007958,161947,49911.0,56298076.0,Aug_8_2020,4970806.0,55240,1.12,00,0.6,379461,8.2,1876432,59.92,7030,4.54,28868,21.69,966.0,1.55,0.05,us,1550.92,50.15,436289.0,8085.0,2.5,135.11,2020-08-08,,
5056438,162486,48899.0,56965015.0,Aug_9_2020,5021433.0,48480,0.97,00,0.33,377147,8.06,1856685,58.03,7149,4.6,28579,21.34,539.0,1.57,0.05,us,1565.93,50.32,484769.0,8624.0,2.67,150.13,2020-08-09,,
13,0,0.0,0.0,Feb_10_2020,0.0,1,8.33,00,0.0,2,18.18,13,13.0,0,,0,0.0,0.0,0.0,0.0,us,0.0,0.0,6.0,0.0,0.0,0.0,2020-02-10,,
13,0,0.0,0.0,Feb_11_2020,0.0,0,0.0,00,0.0,2,18.18,13,13.0,0,,0,0.0,0.0,0.0,0.0,us,0.0,0.0,6.0,0.0,0.0,0.0,2020-02-11,,
14,0,0.0,0.0,Feb_12_2020,0.0,1,7.69,00,0.0,2,16.67,14,14.0,0,,0,0.0,0.0,0.0,0.0,us,0.0,0.0,7.0,0.0,0.0,0.0,2020-02-12,,
15,0,0.0,0.0,Feb_13_2020,0.0,1,7.14,00,0.0,3,25.0,15,15.0,0,,0,0.0,0.0,0.0,0.0,us,0.0,0.0,8.0,0.0,0.0,0.0,2020-02-13,,
15,0,0.0,0.0,Feb_14_2020,0.0,0,0.0,00,0.0,3,25.0,15,15.0,0,,0,0.0,0.0,0.0,0.0,us,0.0,0.0,8.0,0.0,0.0,0.0,2020-02-14,,
15,0,0.0,0.0,Feb_15_2020,0.0,0,0.0,00,0.0,3,25.0,15,15.0,0,,0,0.0,0.0,0.0,0.0,us,0.0,0.0,8.0,0.0,0.0,0.0,2020-02-15,,
15,0,0.0,0.0,Feb_16_2020,0.0,0,0.0,00,0.0,3,25.0,15,15.0,0,,0,0.0,0.0,0.0,0.0,us,0.0,0.0,8.0,0.0,0.0,0.0,2020-02-16,,
25,0,0.0,0.0,Feb_17_2020,0.0,10,66.67,00,0.0,12,92.31,25,25.0,0,,0,0.0,0.0,0.0,0.0,us,0.01,0.0,18.0,0.0,0.0,0.01,2020-02-17,,
25,0,0.0,0.0,Feb_18_2020,0.0,0,0.0,00,0.0,12,92.31,25,25.0,0,,0,0.0,0.0,0.0,0.0,us,0.01,0.0,18.0,0.0,0.0,0.01,2020-02-18,,
25,0,0.0,0.0,Feb_19_2020,0.0,0,0.0,00,0.0,11,78.57,25,25.0,0,,0,0.0,0.0,0.0,0.0,us,0.01,0.0,18.0,0.0,0.0,0.01,2020-02-19,,
8,0,0.0,0.0,Feb_1_2020,0.0,1,14.29,00,0.0,5,166.67,8,8.0,0,,0,0.0,0.0,0.0,0.0,us,0.0,0.0,1.0,0.0,0.0,0.0,2020-02-01,,
27,0,0.0,0.0,Feb_20_2020,0.0,2,8.0,00,0.0,12,80.0,26,2600.0,0,,0,,0.0,0.0,0.0,us,0.01,0.0,20.0,0.0,0.0,0.01,2020-02-20,,
30,0,0.0,0.0,Feb_21_2020,0.0,3,11.11,00,0.0,15,100.0,29,2900.0,0,,0,,0.0,0.0,0.0,us,0.01,0.0,23.0,0.0,0.0,0.01,2020-02-21,,
30,0,0.0,0.0,Feb_22_2020,0.0,0,0.0,00,0.0,15,100.0,29,2900.0,0,,0,,0.0,0.0,0.0,us,0.01,0.0,23.0,0.0,0.0,0.01,2020-02-22,,
30,0,0.0,0.0,Feb_23_2020,0.0,0,0.0,00,0.0,15,100.0,28,1400.0,0,,0,,0.0,0.0,0.0,us,0.01,0.0,23.0,0.0,0.0,0.01,2020-02-23,,
43,0,0.0,0.0,Feb_24_2020,0.0,13,43.33,00,0.0,18,72.0,40,1333.33,0,,0,,0.0,0.0,0.0,us,0.01,0.0,36.0,0.0,0.0,0.01,2020-02-24,,
45,0,0.0,0.0,Feb_25_2020,0.0,2,4.65,00,0.0,20,80.0,40,800.0,0,,0,,0.0,0.0,0.0,us,0.01,0.0,38.0,0.0,0.0,0.01,2020-02-25,,
60,0,0.0,0.0,Feb_26_2020,0.0,15,33.33,00,0.0,35,140.0,55,1100.0,0,,0,,0.0,0.0,0.0,us,0.02,0.0,53.0,0.0,0.0,0.02,2020-02-26,,
60,0,0.0,0.0,Feb_27_2020,0.0,0,0.0,00,0.0,33,122.22,55,1100.0,0,,0,,0.0,0.0,0.0,us,0.02,0.0,53.0,0.0,0.0,0.02,2020-02-27,,
65,0,0.0,0.0,Feb_28_2020,0.0,5,8.33,00,0.0,35,116.67,60,1200.0,0,,0,,0.0,0.0,0.0,us,0.02,0.0,58.0,0.0,0.0,0.02,2020-02-28,,
70,1,0.0,24.0,Feb_29_2020,18.0,5,7.69,00,0.0,40,133.33,64,1066.67,1,,1,,1.0,0.0,0.0,us,0.02,0.0,63.0,1.0,0.0,0.02,2020-02-29,,
11,0,0.0,0.0,Feb_2_2020,0.0,3,37.5,00,0.0,6,120.0,11,11.0,0,,0,0.0,0.0,0.0,0.0,us,0.0,0.0,4.0,0.0,0.0,0.0,2020-02-02,,
11,0,0.0,0.0,Feb_3_2020,0.0,0,0.0,00,0.0,6,120.0,11,11.0,0,,0,0.0,0.0,0.0,0.0,us,0.0,0.0,4.0,0.0,0.0,0.0,2020-02-03,,
11,0,0.0,0.0,Feb_4_2020,0.0,0,0.0,00,0.0,6,120.0,11,11.0,0,,0,0.0,0.0,0.0,0.0,us,0.0,0.0,4.0,0.0,0.0,0.0,2020-02-04,,
12,0,0.0,0.0,Feb_5_2020,0.0,1,9.09,00,0.0,7,140.0,12,12.0,0,,0,0.0,0.0,0.0,0.0,us,0.0,0.0,5.0,0.0,0.0,0.0,2020-02-05,,
12,0,0.0,0.0,Feb_6_2020,0.0,0,0.0,00,0.0,6,100.0,12,12.0,0,,0,0.0,0.0,0.0,0.0,us,0.0,0.0,5.0,0.0,0.0,0.0,2020-02-06,,
12,0,0.0,0.0,Feb_7_2020,0.0,0,0.0,00,0.0,5,71.43,12,12.0,0,,0,0.0,0.0,0.0,0.0,us,0.0,0.0,5.0,0.0,0.0,0.0,2020-02-07,,
12,0,0.0,0.0,Feb_8_2020,0.0,0,0.0,00,0.0,4,50.0,12,12.0,0,,0,0.0,0.0,0.0,0.0,us,0.0,0.0,5.0,0.0,0.0,0.0,2020-02-08,,
12,0,0.0,0.0,Feb_9_2020,0.0,0,0.0,00,0.0,1,9.09,12,12.0,0,,0,0.0,0.0,0.0,0.0,us,0.0,0.0,5.0,0.0,0.0,0.0,2020-02-09,,
1,0,,,Jan_21_2020,,1,0.0,00,0.0,1,1.0,1,1.0,0,0.0,0,0.0,0.0,0.0,0.0,us,0.0,0.0,1.0,0.0,0.0,0.0,2020-01-21,,
1,0,0.0,0.0,Jan_22_2020,0.0,0,0.0,00,0.0,1,1.0,1,1.0,0,0.0,0,0.0,0.0,0.0,0.0,us,0.0,0.0,1.0,0.0,0.0,0.0,2020-01-22,,
1,0,0.0,0.0,Jan_23_2020,0.0,0,0.0,00,0.0,1,1.0,1,1.0,0,0.0,0,0.0,0.0,0.0,0.0,us,0.0,0.0,1.0,0.0,0.0,0.0,2020-01-23,,
2,0,0.0,0.0,Jan_24_2020,0.0,1,100.0,00,0.0,2,2.0,2,2.0,0,0.0,0,0.0,0.0,0.0,0.0,us,0.0,0.0,2.0,0.0,0.0,0.0,2020-01-24,,
3,0,0.0,0.0,Jan_25_2020,0.0,1,50.0,00,0.0,3,3.0,3,3.0,0,0.0,0,0.0,0.0,0.0,0.0,us,0.0,0.0,3.0,0.0,0.0,0.0,2020-01-25,,
5,0,0.0,0.0,Jan_26_2020,0.0,2,66.67,00,0.0,5,5.0,5,5.0,0,0.0,0,0.0,0.0,0.0,0.0,us,0.0,0.0,5.0,0.0,0.0,0.0,2020-01-26,,
5,0,0.0,0.0,Jan_27_2020,0.0,0,0.0,00,0.0,5,5.0,5,5.0,0,0.0,0,0.0,0.0,0.0,0.0,us,0.0,0.0,5.0,0.0,0.0,0.0,2020-01-27,,
5,0,0.0,0.0,Jan_28_2020,0.0,0,0.0,00,0.0,4,400.0,5,5.0,0,,0,0.0,0.0,0.0,0.0,us,0.0,0.0,5.0,0.0,0.0,0.0,2020-01-28,,
5,0,0.0,0.0,Jan_29_2020,0.0,0,0.0,00,0.0,4,400.0,5,5.0,0,,0,0.0,0.0,0.0,0.0,us,0.0,0.0,5.0,0.0,0.0,0.0,2020-01-29,,
6,0,0.0,0.0,Jan_30_2020,0.0,1,20.0,00,0.0,5,500.0,6,6.0,0,,0,0.0,0.0,0.0,0.0,us,0.0,0.0,6.0,0.0,0.0,0.0,2020-01-30,,
7,0,0.0,0.0,Jan_31_2020,0.0,1,16.67,00,0.0,5,250.0,7,7.0,0,,0,0.0,0.0,0.0,0.0,us,0.0,0.0,7.0,0.0,0.0,0.0,2020-01-31,,
3199753,133907,51599.0,35893902.0,Jul_10_2020,3173216.0,68227,2.18,00,0.62,383744,13.63,1186455,58.93,4489,3.47,20804,18.39,828.0,0.99,0.04,us,990.93,41.47,546432.0,6445.0,2.0,169.22,2020-07-10,,
3260474,134582,51858.0,36531657.0,Jul_11_2020,3236111.0,60721,1.9,00,0.5,394459,13.76,1223974,60.1,4903,3.78,20602,18.08,675.0,1.01,0.04,us,1009.74,41.68,607153.0,7120.0,2.2,188.03,2020-07-11,,
3318279,134977,52727.0,37234051.0,Jul_12_2020,3297423.0,57805,1.77,00,0.29,407497,14.0,1256286,60.93,5036,3.88,20218,17.62,395.0,1.03,0.04,us,1027.64,41.8,664958.0,7515.0,2.33,205.93,2020-07-12,,
3379846,135402,53988.0,37870551.0,Jul_13_2020,3355556.0,61567,1.86,00,0.31,421748,14.26,1292519,61.92,5070,3.89,19951,17.28,425.0,1.05,0.04,us,1046.71,41.93,726525.0,7940.0,2.46,225.0,2020-07-13,,
3445448,136356,55565.0,38573451.0,Jul_14_2020,3418243.0,65602,1.94,00,0.7,433266,14.38,1338991,63.57,5066,3.86,20588,17.78,954.0,1.07,0.04,us,1067.02,42.23,792127.0,8894.0,2.75,245.31,2020-07-14,,
3513790,137327,56144.0,39276541.0,Jul_15_2020,3484040.0,68342,1.98,00,0.71,442153,14.39,1387216,65.23,5089,3.85,21111,18.17,971.0,1.09,0.04,us,1088.19,42.53,860469.0,9865.0,3.06,266.48,2020-07-15,,
3589477,138285,57440.0,40032828.0,Jul_16_2020,3555076.0,75687,2.15,00,0.7,457951,14.62,1438018,66.84,5206,3.91,21300,18.21,958.0,1.11,0.04,us,1111.63,42.83,936156.0,10823.0,3.35,289.92,2020-07-16,,
3660400,139186,57759.0,40790485.0,Jul_17_2020,3631918.0,70923,1.98,00,0.65,460647,14.4,1483286,68.13,5279,3.94,21440,18.21,901.0,1.13,0.04,us,1133.59,43.1,1007079.0,11724.0,3.63,311.88,2020-07-17,,
3722851,139961,57645.0,41482371.0,Jul_18_2020,3696869.0,62451,1.71,00,0.56,462377,14.18,1517678,68.82,5379,4.0,21488,18.14,775.0,1.15,0.04,us,1152.93,43.34,1069530.0,12499.0,3.87,331.22,2020-07-18,,
3785126,140373,57885.0,42197702.0,Jul_19_2020,3761129.0,62275,1.67,00,0.29,466847,14.07,1549117,69.28,5396,4.0,21202,17.79,412.0,1.17,0.04,us,1172.22,43.47,1131805.0,12911.0,4.0,350.51,2020-07-19,,
2703296,128104,36405.0,30399580.0,Jul_1_2020,2682912.0,49975,1.88,00,0.5,306368,12.78,882097,48.43,6170,5.06,22991,21.87,642.0,0.84,0.04,us,837.19,39.67,49975.0,642.0,0.2,15.48,2020-07-01,,
3845014,140904,58370.0,42851850.0,Jul_20_2020,3818170.0,59888,1.58,00,0.38,465168,13.76,1576980,69.53,5502,4.06,21187,17.7,531.0,1.19,0.04,us,1190.76,43.64,1191693.0,13442.0,4.16,369.06,2020-07-20,,
3910291,142031,59364.0,43538211.0,Jul_21_2020,3882100.0,65277,1.7,00,0.8,464843,13.49,1615878,70.43,5675,4.16,22057,18.38,1127.0,1.21,0.04,us,1210.98,43.99,1256970.0,14569.0,4.51,389.27,2020-07-21,,
3980030,143167,59596.0,44265316.0,Jul_22_2020,3951433.0,69739,1.78,00,0.8,466240,13.27,1655151,71.19,5840,4.25,22833,18.97,1136.0,1.23,0.04,us,1232.58,44.34,1326709.0,15705.0,4.86,410.87,2020-07-22,,
4050036,144283,59718.0,45034837.0,Jul_23_2020,4022986.0,70006,1.76,00,0.78,460559,12.83,1690097,71.62,5998,4.34,23116,19.08,1116.0,1.25,0.04,us,1254.26,44.68,1396715.0,16821.0,5.21,432.55,2020-07-23,,
4123561,145429,59682.0,45886042.0,Jul_24_2020,4098221.0,73525,1.82,00,0.79,463161,12.65,1726633,72.04,6243,4.49,23495,19.27,1146.0,1.28,0.05,us,1277.03,45.04,1470240.0,17967.0,5.56,455.32,2020-07-24,,
4190337,146313,59301.0,46602011.0,Jul_25_2020,4162962.0,66776,1.62,00,0.61,467486,12.56,1752236,71.87,6352,4.54,21913,17.61,884.0,1.3,0.05,us,1297.71,45.31,1537016.0,18851.0,5.84,476.0,2020-07-25,,
4244554,146753,58621.0,47382065.0,Jul_26_2020,4223962.0,54217,1.29,00,0.3,459428,12.14,1760925,70.9,6380,4.55,21720,17.37,440.0,1.31,0.05,us,1314.5,45.45,1591233.0,19291.0,5.97,492.79,2020-07-26,,
4303735,148449,58897.0,48089207.0,Jul_27_2020,4279294.0,59181,1.39,00,1.16,458721,11.93,1777807,70.38,7545,5.35,22905,18.24,1696.0,1.33,0.05,us,1332.83,45.97,1650414.0,20987.0,6.5,511.12,2020-07-27,,
4366851,149776,57091.0,48792892.0,Jul_28_2020,4338297.0,63116,1.47,00,0.89,456560,11.68,1801415,70.22,7745,5.45,23961,19.04,1327.0,1.35,0.05,us,1352.37,46.38,1713530.0,22314.0,6.91,530.66,2020-07-28,,
4433467,151172,57339.0,49560100.0,Jul_29_2020,4402705.0,66616,1.53,00,0.93,453437,11.39,1828535,70.2,8005,5.59,25010,19.82,1396.0,1.37,0.05,us,1373.0,46.82,1780146.0,23710.0,7.34,551.29,2020-07-29,,
2758855,128827,37500.0,31007934.0,Jul_2_2020,2736997.0,55559,2.06,00,0.56,320754,13.16,916865,49.78,4427,3.56,22632,21.31,723.0,0.85,0.04,us,854.39,39.9,105534.0,1365.0,0.42,32.68,2020-07-02,,
4502581,152433,56427.0,50298050.0,Jul_30_2020,4472123.0,69114,1.56,00,0.83,452545,11.17,1849260,69.7,8150,5.65,24971,19.59,1261.0,1.39,0.05,us,1394.41,47.21,1849260.0,24971.0,7.73,572.7,2020-07-30,,
4571669,153862,55593.0,50955877.0,Jul_31_2020,4539746.0,69088,1.53,00,0.94,448108,10.87,1868373,69.11,8433,5.8,25758,20.11,1429.0,1.42,0.05,us,1415.8,47.65,1918348.0,26400.0,8.18,594.09,2020-07-31,,
2816009,129418,37798.0,31661977.0,Jul_3_2020,2790945.0,57154,2.07,00,0.46,332380,13.38,954032,51.24,4385,3.51,22234,20.74,591.0,0.87,0.04,us,872.09,40.08,162688.0,1956.0,0.61,50.38,2020-07-03,,
2866015,129679,38146.0,32239458.0,Jul_4_2020,2845283.0,50006,1.78,00,0.2,340087,13.46,982422,52.16,4135,3.29,21487,19.86,261.0,0.89,0.04,us,887.58,40.16,212694.0,2217.0,0.69,65.87,2020-07-04,,
2910782,129941,38764.0,32872797.0,Jul_5_2020,2890895.0,44767,1.56,00,0.2,345346,13.46,998480,52.21,4126,3.28,20637,18.88,262.0,0.9,0.04,us,901.44,40.24,257461.0,2479.0,0.77,79.73,2020-07-05,,
2958098,130332,39769.0,33344399.0,Jul_6_2020,2932854.0,47316,1.63,00,0.3,353166,13.56,1023280,52.89,4170,3.31,20300,18.45,391.0,0.92,0.04,us,916.09,40.36,304777.0,2870.0,0.89,94.39,2020-07-06,,
3012182,131290,41760.0,33928570.0,Jul_7_2020,2984541.0,54084,1.83,00,0.74,358861,13.52,1058748,54.2,3828,3.0,20868,18.9,958.0,0.93,0.04,us,932.84,40.66,358861.0,3828.0,1.19,111.14,2020-07-07,,
3071637,132238,43076.0,34504129.0,Jul_8_2020,3047213.0,59455,1.97,00,0.72,368341,13.63,1099996,55.79,4134,3.23,21094,18.98,948.0,0.95,0.04,us,951.26,40.95,418316.0,4776.0,1.48,129.55,2020-07-08,,
3131526,133079,43933.0,35150973.0,Jul_9_2020,3106370.0,59889,1.95,00,0.64,372671,13.51,1141080,57.33,4252,3.3,20905,18.64,841.0,0.97,0.04,us,969.8,41.21,478205.0,5617.0,1.74,148.1,2020-07-09,,
2013298,113103,30864.0,19592291.0,Jun_10_2020,1997445.0,22852,1.15,00,0.83,151321,8.13,658849,48.64,5919,5.52,32355,40.07,929.0,0.62,0.04,us,623.5,35.03,213996.0,8724.0,2.7,66.27,2020-06-10,,
2036500,113980,29698.0,20030353.0,Jun_11_2020,2019598.0,23202,1.15,00,0.78,152907,8.12,659751,47.92,5788,5.35,31580,38.33,877.0,0.63,0.04,us,630.68,35.3,237198.0,9601.0,2.97,73.46,2020-06-11,,
2061993,114759,29154.0,20630325.0,Jun_12_2020,2043195.0,25493,1.25,00,0.68,149691,7.83,664099,47.51,5455,4.99,30591,36.35,779.0,0.64,0.04,us,638.58,35.54,262691.0,10380.0,3.21,81.35,2020-06-12,,
2087327,115451,28450.0,21101713.0,Jun_13_2020,2068571.0,25334,1.23,00,0.6,152509,7.88,662471,46.49,5419,4.92,29545,34.39,692.0,0.65,0.04,us,646.43,35.75,288025.0,11072.0,3.43,89.2,2020-06-13,,
2106457,115768,27895.0,21565867.0,Jun_14_2020,2089970.0,19130,0.92,00,0.27,153023,7.83,655364,45.16,5346,4.84,28269,32.31,317.0,0.65,0.04,us,652.35,35.85,307155.0,11389.0,3.53,95.12,2020-06-14,,
2126574,116216,27867.0,21981257.0,Jun_15_2020,2108619.0,20117,0.96,00,0.39,154933,7.86,651822,44.2,5072,4.56,27492,30.99,448.0,0.66,0.04,us,658.58,35.99,327272.0,11837.0,3.67,101.35,2020-06-15,,
2151459,116985,28270.0,22423907.0,Jun_16_2020,2132097.0,24885,1.17,00,0.66,161013,8.09,657693,44.03,4811,4.29,27417,30.61,769.0,0.67,0.04,us,666.29,36.23,352157.0,12606.0,3.9,109.06,2020-06-16,,
2177114,117746,28576.0,22887075.0,Jun_17_2020,2156098.0,25655,1.19,00,0.65,163816,8.14,661521,43.65,4643,4.11,27332,30.23,761.0,0.67,0.04,us,674.23,36.46,377812.0,13367.0,4.14,117.0,2020-06-17,,
2205173,118473,28415.0,23378700.0,Jun_18_2020,2183844.0,28059,1.29,00,0.62,168673,8.28,668603,43.51,4493,3.94,26539,28.87,727.0,0.68,0.04,us,682.92,36.69,405871.0,14094.0,4.36,125.69,2020-06-18,,
2236009,119171,28616.0,23926807.0,Jun_19_2020,2215315.0,30836,1.4,00,0.59,174016,8.44,676369,43.37,4412,3.84,25760,27.58,698.0,0.69,0.04,us,692.47,36.91,436707.0,14792.0,4.58,135.24,2020-06-19,,
1821199,105113,34075.0,15697059.0,Jun_1_2020,1815447.0,21897,1.22,00,0.7,150628,9.02,681999,59.87,6923,7.05,38628,58.1,734.0,0.56,0.03,us,564.01,32.55,21897.0,734.0,0.23,6.78,2020-06-01,,
2268034,119717,27967.0,24460111.0,Jun_20_2020,2247609.0,32025,1.43,00,0.46,180707,8.66,682661,43.06,4266,3.7,24995,26.39,546.0,0.7,0.04,us,702.39,37.08,468732.0,15338.0,4.75,145.16,2020-06-20,,
2294413,119974,28220.0,24956160.0,Jun_21_2020,2275537.0,26379,1.16,00,0.21,187956,8.92,685241,42.58,4206,3.63,23964,24.96,257.0,0.71,0.04,us,710.56,37.15,495111.0,15595.0,4.83,153.33,2020-06-21,,
2324879,120334,28799.0,25400249.0,Jun_22_2020,2302818.0,30466,1.33,00,0.3,198305,9.33,693439,42.5,4118,3.54,23274,23.98,360.0,0.72,0.04,us,719.99,37.27,525577.0,15955.0,4.94,162.77,2020-06-22,,
2359939,121167,30235.0,25869353.0,Jun_23_2020,2336265.0,35060,1.51,00,0.69,208480,9.69,708468,42.9,4182,3.57,23487,24.04,833.0,0.73,0.04,us,730.85,37.52,560637.0,16788.0,5.2,173.62,2020-06-23,,
2396928,121934,31102.0,26354402.0,Jun_24_2020,2375340.0,36989,1.57,00,0.63,219814,10.1,726357,43.48,4188,3.56,23744,24.18,767.0,0.74,0.04,us,742.31,37.76,597626.0,17555.0,5.44,185.08,2020-06-24,,
2438101,124400,31842.0,26957095.0,Jun_25_2020,2414977.0,41173,1.72,00,2.02,232928,10.56,748634,44.31,5927,5.0,25463,25.74,2466.0,0.76,0.04,us,755.06,38.53,638799.0,20021.0,6.2,197.83,2020-06-25,,
2483629,125033,31738.0,27522589.0,Jun_26_2020,2459520.0,45528,1.87,00,0.51,247620,11.07,775418,45.39,5862,4.92,24611,24.51,633.0,0.77,0.04,us,769.16,38.72,684327.0,20654.0,6.4,211.93,2020-06-26,,
2525928,125544,32482.0,28078236.0,Jun_27_2020,2502684.0,42299,1.7,00,0.41,257894,11.37,795205,45.95,5827,4.87,23922,23.54,511.0,0.78,0.04,us,782.26,38.88,726626.0,21165.0,6.55,225.03,2020-06-27,,
2565436,125815,32488.0,28614042.0,Jun_28_2020,2544254.0,39508,1.56,00,0.22,271023,11.81,810165,46.16,5841,4.87,23003,22.37,271.0,0.79,0.04,us,794.49,38.96,766134.0,21436.0,6.64,237.26,2020-06-28,,
2604932,126162,33585.0,29230030.0,Jun_29_2020,2584067.0,39496,1.54,00,0.28,280053,12.05,826264,46.45,5828,4.84,22387,21.57,347.0,0.81,0.04,us,806.72,39.07,805630.0,21783.0,6.75,249.5,2020-06-29,,
1841990,106195,33724.0,16097659.0,Jun_2_2020,1835556.0,20791,1.14,00,1.03,152523,9.03,676650,58.06,7258,7.34,38379,56.59,1082.0,0.57,0.03,us,570.45,32.89,42688.0,1816.0,0.56,13.22,2020-06-02,,
2653321,127462,35248.0,29810182.0,Jun_30_2020,2631931.0,48389,1.86,00,1.03,293382,12.43,854019,47.46,6295,5.2,23083,22.11,1300.0,0.82,0.04,us,821.71,39.47,854019.0,23083.0,7.15,264.48,2020-06-30,,
1861977,107184,33070.0,16545978.0,Jun_3_2020,1855946.0,19987,1.09,00,0.93,153766,9.0,674675,56.82,6762,6.73,38279,55.55,989.0,0.58,0.03,us,576.64,33.19,62675.0,2805.0,0.87,19.41,2020-06-03,,
1883593,108192,32639.0,16987873.0,Jun_4_2020,1876832.0,21616,1.16,00,0.94,152870,8.83,672582,55.54,6570,6.47,37053,52.09,1008.0,0.58,0.03,us,583.33,33.51,84291.0,3813.0,1.18,26.1,2020-06-04,,
1912302,109304,32280.0,17472559.0,Jun_5_2020,1900226.0,28709,1.52,00,1.03,157031,8.95,676785,54.78,6492,6.31,35457,48.01,1112.0,0.59,0.03,us,592.22,33.85,113000.0,4925.0,1.53,35.0,2020-06-05,,
1934818,110032,31761.0,17994337.0,Jun_6_2020,1923290.0,22516,1.18,00,0.67,156150,8.78,670823,53.07,6257,6.03,34227,45.15,728.0,0.6,0.03,us,599.19,34.08,135516.0,5653.0,1.75,41.97,2020-06-06,,
1953434,110422,31225.0,18398720.0,Jun_7_2020,1942030.0,18616,0.96,00,0.35,154132,8.57,661791,51.24,6043,5.79,33042,42.7,390.0,0.6,0.03,us,604.96,34.2,154132.0,6043.0,1.87,47.73,2020-06-07,,
1971641,111144,30996.0,18778941.0,Jun_8_2020,1959239.0,18207,0.93,00,0.65,150442,8.26,655130,49.76,6031,5.74,32310,40.98,722.0,0.61,0.03,us,610.6,34.42,172339.0,6765.0,2.1,53.37,2020-06-08,,
1990446,112174,31009.0,19183320.0,Jun_9_2020,1976551.0,18805,0.95,00,0.93,148456,8.06,653618,48.89,5979,5.63,32408,40.63,1030.0,0.62,0.03,us,616.42,34.74,191144.0,7795.0,2.41,59.2,2020-06-09,,
1018,31,0.0,7767.0,Mar_10_2020,1555.0,270,36.1,00,19.23,893,714.4,1006,8383.33,21,210.0,31,,5.0,0.0,0.0,us,0.32,0.01,948.0,30.0,0.01,0.29,2020-03-10,,
1263,37,0.0,11188.0,Mar_11_2020,2064.0,245,24.07,00,19.35,1102,684.47,1250,9615.38,25,208.33,37,,6.0,0.0,0.0,us,0.39,0.01,1193.0,36.0,0.01,0.37,2020-03-11,,
1668,43,0.0,15938.0,Mar_12_2020,2735.0,405,32.07,00,16.22,1440,631.58,1655,12730.77,31,258.33,43,,6.0,0.0,0.0,us,0.52,0.01,1598.0,42.0,0.01,0.49,2020-03-12,,
2224,50,0.0,24256.0,Mar_13_2020,3807.0,556,33.33,00,16.28,1913,615.11,2210,15785.71,35,233.33,50,,7.0,0.0,0.0,us,0.69,0.02,2154.0,49.0,0.02,0.67,2020-03-13,,
2898,60,0.0,28108.0,Mar_14_2020,4731.0,674,30.31,00,20.0,2470,577.1,2883,19220.0,41,215.79,60,,10.0,0.0,0.0,us,0.9,0.02,2828.0,59.0,0.02,0.88,2020-03-14,,
3600,68,0.0,34661.0,Mar_15_2020,6022.0,702,24.22,00,13.33,3053,558.14,3585,23900.0,46,209.09,68,,8.0,0.0,0.0,us,1.11,0.02,3530.0,67.0,0.02,1.09,2020-03-15,,
4507,91,0.0,51186.0,Mar_16_2020,7770.0,907,25.19,00,33.82,3759,502.54,4492,29946.67,65,250.0,91,,23.0,0.0,0.0,us,1.4,0.03,4437.0,90.0,0.03,1.37,2020-03-16,,
5906,117,325.0,65131.0,Mar_17_2020,10358.0,1399,31.04,00,28.57,4888,480.16,5891,39273.33,86,277.42,117,,26.0,0.0,0.0,us,1.83,0.04,5836.0,116.0,0.04,1.81,2020-03-17,,
8350,162,416.0,87199.0,Mar_18_2020,13447.0,2444,41.38,00,38.46,7087,561.12,8325,33300.0,125,337.84,162,,45.0,0.0,0.0,us,2.59,0.05,8280.0,161.0,0.05,2.56,2020-03-18,,
12393,212,617.0,110522.0,Mar_19_2020,18098.0,4043,48.42,00,30.86,10725,642.99,12368,49472.0,169,393.02,212,,50.0,0.0,0.0,us,3.84,0.07,12323.0,211.0,0.07,3.82,2020-03-19,,
88,3,0.0,85.0,Mar_1_2020,50.0,18,25.71,00,200.0,58,193.33,81,1157.14,3,,3,,2.0,0.0,0.0,us,0.03,0.0,18.0,2.0,0.0,0.01,2020-03-01,,
18012,277,1042.0,141090.0,Mar_20_2020,24245.0,5619,45.34,00,30.66,15788,709.89,17987,71948.0,227,454.0,277,,65.0,0.01,0.0,us,5.58,0.09,17942.0,276.0,0.09,5.56,2020-03-20,,
24528,360,1436.0,179718.0,Mar_21_2020,31038.0,6516,36.18,00,29.96,21630,746.38,24501,90744.44,300,500.0,360,,83.0,0.01,0.0,us,7.6,0.11,24458.0,359.0,0.11,7.57,2020-03-21,,
33073,458,2155.0,216174.0,Mar_22_2020,40163.0,8545,34.84,00,27.22,29473,818.69,33043,110143.33,390,573.53,458,,98.0,0.01,0.0,us,10.24,0.14,33003.0,457.0,0.14,10.22,2020-03-22,,
43505,579,2770.0,263068.0,Mar_23_2020,51602.0,10432,31.54,00,26.42,38998,865.28,43475,144916.67,488,536.26,579,,121.0,0.01,0.0,us,13.47,0.18,43435.0,578.0,0.18,13.45,2020-03-23,,
53938,785,3902.0,321763.0,Mar_24_2020,62371.0,10433,23.98,00,35.58,48032,813.27,53908,179693.33,668,570.94,785,,206.0,0.02,0.0,us,16.7,0.24,53868.0,784.0,0.24,16.68,2020-03-24,,
68572,1054,5062.0,393491.0,Mar_25_2020,75279.0,14634,27.13,00,34.27,60222,721.22,68529,159369.77,892,550.62,1054,,269.0,0.02,0.0,us,21.24,0.33,68502.0,1053.0,0.33,21.21,2020-03-25,,
85570,1353,7757.0,477802.0,Mar_26_2020,92999.0,16998,24.79,00,28.37,73177,590.47,85525,190055.56,1141,538.21,1353,,299.0,0.03,0.0,us,26.5,0.42,85500.0,1352.0,0.42,26.48,2020-03-26,,
102900,1770,10932.0,561583.0,Mar_27_2020,112127.0,17330,20.25,00,30.82,84888,471.29,102840,171400.0,1493,538.99,1770,,417.0,0.03,0.0,us,31.87,0.55,102830.0,1769.0,0.55,31.85,2020-03-27,,
123966,2300,12382.0,650525.0,Mar_28_2020,132052.0,21066,20.47,00,29.94,99438,405.41,123906,206510.0,1940,538.89,2300,,530.0,0.04,0.0,us,38.39,0.71,123896.0,2299.0,0.71,38.37,2020-03-28,,
142486,2718,14026.0,717145.0,Mar_29_2020,151400.0,18520,14.94,00,18.17,109413,330.82,142421,219109.23,2260,493.45,2718,,418.0,0.04,0.0,us,44.13,0.84,142416.0,2717.0,0.84,44.1,2020-03-29,,
104,6,0.0,243.0,Mar_2_2020,94.0,16,18.18,00,100.0,61,141.86,96,1200.0,6,,6,,3.0,0.0,0.0,us,0.03,0.0,34.0,5.0,0.0,0.01,2020-03-02,,
163955,3368,15772.0,813851.0,Mar_30_2020,173442.0,21469,15.07,00,23.91,120450,276.86,163885,234121.43,2789,481.69,3367,336700.0,650.0,0.05,0.0,us,50.78,1.04,163885.0,3367.0,1.04,50.75,2020-03-30,,
188461,4304,18082.0,901508.0,Mar_31_2020,198295.0,24506,14.95,00,27.79,134523,249.4,188373,214060.23,3519,448.28,4301,143366.67,936.0,0.06,0.0,us,58.36,1.33,188391.0,4303.0,1.33,58.34,2020-03-31,,
125,10,0.0,446.0,Mar_3_2020,142.0,21,20.19,00,66.67,80,177.78,114,1036.36,10,,10,,4.0,0.0,0.0,us,0.04,0.0,55.0,9.0,0.0,0.02,2020-03-03,,
161,12,0.0,1417.0,Mar_4_2020,281.0,36,28.8,00,20.0,101,168.33,150,1363.64,12,,12,,2.0,0.0,0.0,us,0.05,0.0,91.0,11.0,0.0,0.03,2020-03-04,,
228,12,0.0,1949.0,Mar_5_2020,388.0,67,41.61,00,0.0,168,280.0,217,1972.73,12,,12,,0.0,0.0,0.0,us,0.07,0.0,158.0,11.0,0.0,0.05,2020-03-05,,
311,15,0.0,2672.0,Mar_6_2020,500.0,83,36.4,00,25.0,246,378.46,299,2491.67,15,,15,,3.0,0.0,0.0,us,0.1,0.0,241.0,14.0,0.0,0.07,2020-03-06,,
428,19,0.0,3333.0,Mar_7_2020,678.0,117,37.62,00,26.67,358,511.43,416,3466.67,18,1800.0,19,,4.0,0.0,0.0,us,0.13,0.01,358.0,18.0,0.01,0.11,2020-03-07,,
547,22,0.0,4049.0,Mar_8_2020,876.0,119,27.8,00,15.79,459,521.59,535,4458.33,19,633.33,22,,3.0,0.0,0.0,us,0.17,0.01,477.0,21.0,0.01,0.15,2020-03-08,,
748,26,0.0,5583.0,Mar_9_2020,1168.0,201,36.75,00,18.18,644,619.23,736,6133.33,20,333.33,26,,4.0,0.0,0.0,us,0.23,0.01,678.0,25.0,0.01,0.21,2020-03-09,,
1336828,79766,46981.0,7688384.0,May_10_2020,1333895.0,20317,1.54,00,1.18,171488,14.72,837442,167.69,11950,17.62,58682,278.32,932.0,0.41,0.02,us,414.0,24.7,261072.0,16626.0,5.15,80.85,2020-05-10,,
1354449,80748,46372.0,8053622.0,May_11_2020,1352272.0,17621,1.32,00,1.23,167147,14.08,823343,155.02,11843,17.19,57580,248.53,982.0,0.42,0.03,us,419.46,25.01,278693.0,17608.0,5.45,86.31,2020-05-11,,
1376749,82400,47402.0,8340605.0,May_12_2020,1375162.0,22300,1.65,00,2.05,165738,13.69,818500,146.62,11261,15.83,57551,231.6,1652.0,0.43,0.03,us,426.37,25.52,300993.0,19260.0,5.96,93.21,2020-05-12,,
1397894,84168,46742.0,8639769.0,May_13_2020,1396447.0,21145,1.54,00,2.15,162377,13.14,813876,139.36,10321,13.98,57555,216.27,1768.0,0.43,0.03,us,432.91,26.07,322138.0,21028.0,6.51,99.76,2020-05-13,,
1424856,85906,45635.0,8978480.0,May_14_2020,1423232.0,26962,1.93,00,2.06,160861,12.73,814147,133.31,10101,13.32,56588,193.01,1738.0,0.44,0.03,us,441.26,26.6,349100.0,22766.0,7.05,108.11,2020-05-14,,
1451093,87499,44299.0,9313193.0,May_15_2020,1447917.0,26237,1.84,00,1.85,159450,12.34,810351,126.47,10119,13.08,55429,172.84,1593.0,0.45,0.03,us,449.39,27.1,375337.0,24359.0,7.54,116.24,2020-05-15,,
1474752,88724,43211.0,9651351.0,May_16_2020,1472619.0,23659,1.63,00,1.4,158241,12.02,802397,119.34,9890,12.55,54305,157.78,1225.0,0.46,0.03,us,456.72,27.48,398996.0,25584.0,7.92,123.57,2020-05-16,,
1493766,89568,41606.0,10002921.0,May_17_2020,1492628.0,19014,1.29,00,0.95,156938,11.74,789902,112.22,9802,12.29,52860,144.0,844.0,0.46,0.03,us,462.61,27.74,418010.0,26428.0,8.18,129.45,2020-05-17,,
1515593,90414,41553.0,10338098.0,May_18_2020,1513656.0,21827,1.46,00,0.94,161144,11.9,783331,106.97,9666,11.97,51755,133.88,846.0,0.47,0.03,us,469.36,28.0,439837.0,27274.0,8.45,136.21,2020-05-18,,
1536570,91934,41661.0,10720072.0,May_19_2020,1534553.0,20977,1.38,00,1.68,159821,11.61,778974,102.82,9534,11.57,51755,128.81,1520.0,0.48,0.03,us,475.86,28.47,460814.0,28794.0,8.92,142.71,2020-05-19,,
1109726,64902,54903.0,5519621.0,May_1_2020,1107800.0,33970,3.16,00,2.79,199873,21.97,894335,415.21,13542,26.37,59577,1118.82,1762.0,0.34,0.02,us,343.67,20.1,33970.0,1762.0,0.55,10.52,2020-05-01,,
1559640,93411,41546.0,11107315.0,May_20_2020,1555861.0,23070,1.5,00,1.61,161746,11.57,774649,98.68,9243,10.98,51395,122.32,1477.0,0.48,0.03,us,483.01,28.93,483884.0,30271.0,9.37,149.85,2020-05-20,,
1585373,94722,41065.0,11543590.0,May_21_2020,1582549.0,25733,1.65,00,1.4,160517,11.27,774868,95.6,8816,10.26,50034,111.96,1311.0,0.49,0.03,us,490.97,29.33,509617.0,31582.0,9.78,157.82,2020-05-21,,
1609172,96010,39822.0,11929381.0,May_22_2020,1606982.0,23799,1.5,00,1.36,158079,10.89,769836,91.72,8511,9.73,48951,104.02,1288.0,0.5,0.03,us,498.35,29.73,533416.0,32870.0,10.18,165.19,2020-05-22,,
1631440,97060,38391.0,12298530.0,May_23_2020,1628513.0,22268,1.38,00,1.09,156688,10.62,758328,86.85,8336,9.4,47832,97.16,1050.0,0.51,0.03,us,505.24,30.06,555684.0,33920.0,10.5,172.09,2020-05-23,,
1651471,97680,37483.0,12660470.0,May_24_2020,1648585.0,20031,1.23,00,0.64,157705,10.56,741618,81.51,8112,9.06,46320,90.19,620.0,0.51,0.03,us,511.44,30.25,575715.0,34540.0,10.7,178.29,2020-05-24,,
1670571,98190,37432.0,13065188.0,May_25_2020,1667256.0,19100,1.16,00,0.52,154978,10.23,726310,76.92,7776,8.6,44863,84.13,510.0,0.52,0.03,us,517.36,30.41,594815.0,35050.0,10.85,184.21,2020-05-25,,
1689467,98937,37561.0,13356243.0,May_26_2020,1684081.0,18896,1.13,00,0.76,152897,9.95,718471,73.99,7003,7.62,44357,81.27,747.0,0.52,0.03,us,523.21,30.64,613711.0,35797.0,11.09,190.06,2020-05-26,,
1708211,100422,38038.0,13646805.0,May_27_2020,1703528.0,18744,1.11,00,1.5,148571,9.53,714018,71.82,7011,7.51,44400,79.25,1485.0,0.53,0.03,us,529.02,31.1,632455.0,37282.0,11.55,195.87,2020-05-27,,
1730723,101622,37818.0,14060234.0,May_28_2020,1726150.0,22512,1.32,00,1.19,145350,9.17,711879,69.87,6900,7.28,43206,73.96,1200.0,0.54,0.03,us,535.99,31.47,654967.0,38482.0,11.92,202.84,2020-05-28,,
1755271,102812,36764.0,14525338.0,May_29_2020,1749722.0,24548,1.42,00,1.17,146099,9.08,709872,67.9,6802,7.08,41882,68.74,1190.0,0.54,0.03,us,543.59,31.84,679515.0,39672.0,12.29,210.44,2020-05-29,,
1139200,66485,54048.0,5737942.0,May_2_2020,1136954.0,29474,2.66,00,2.44,194939,20.64,894092,364.77,13158,24.67,59944,916.43,1583.0,0.35,0.02,us,352.8,20.59,63444.0,3345.0,1.04,19.65,2020-05-02,,
1778668,103775,35524.0,14928199.0,May_30_2020,1773404.0,23397,1.33,00,0.94,147228,9.02,702912,65.34,6715,6.92,40635,64.36,963.0,0.55,0.03,us,550.84,32.14,702912.0,40635.0,12.58,217.69,2020-05-30,,
1799302,104379,34648.0,15303390.0,May_31_2020,1794962.0,20634,1.16,00,0.58,147831,8.95,689576,62.14,6699,6.86,39477,60.83,604.0,0.56,0.03,us,557.23,32.33,723546.0,41239.0,12.77,224.08,2020-05-31,,
1165340,67816,52623.0,5949059.0,May_3_2020,1162655.0,26140,2.29,00,2.0,194344,20.01,887914,320.05,13236,24.25,59884,754.97,1331.0,0.36,0.02,us,360.89,21.0,89584.0,4676.0,1.45,27.74,2020-05-03,,
1187302,68905,52409.0,6158727.0,May_4_2020,1185304.0,21962,1.88,00,1.61,193109,19.42,874777,279.91,12883,23.0,59417,626.23,1089.0,0.37,0.02,us,367.7,21.34,111546.0,5765.0,1.79,34.54,2020-05-04,,
1211011,71139,53221.0,6408808.0,May_5_2020,1207748.0,23709,2.0,00,3.24,192167,18.86,872870,258.14,12723,21.78,60283,555.3,2234.0,0.38,0.02,us,375.04,22.03,135255.0,7999.0,2.48,41.89,2020-05-05,,
1235517,73847,52560.0,6629657.0,May_6_2020,1232863.0,24506,2.02,00,3.81,190118,18.19,866460,234.78,12917,21.2,61465,496.41,2708.0,0.38,0.02,us,382.63,22.87,159761.0,10707.0,3.32,49.48,2020-05-06,,
1263995,75805,51398.0,6904672.0,May_7_2020,1260400.0,28478,2.3,00,2.65,188239,17.5,864601,216.48,12665,20.06,61189,418.64,1958.0,0.39,0.02,us,391.45,23.48,188239.0,12665.0,3.92,58.3,2020-05-07,,
1291643,77380,49785.0,7175795.0,May_8_2020,1287622.0,27648,2.19,00,2.08,181917,16.39,860429,199.54,12478,19.23,60679,363.33,1575.0,0.4,0.02,us,400.01,23.96,215887.0,14240.0,4.41,66.86,2020-05-08,,
1316511,78834,48564.0,7443031.0,May_9_2020,1312840.0,24868,1.93,00,1.88,177311,15.56,850598,182.57,12349,18.57,60013,318.86,1454.0,0.41,0.02,us,407.71,24.41,240755.0,15694.0,4.86,74.56,2020-05-09,,
7749859,214187,34618.0,101456451.0,Oct_10_2020,7681140.0,51586,0.67,00,0.28,339517,4.58,1331661,20.75,4914,2.35,22556,11.77,592.0,2.4,0.07,us,2400.06,66.33,487125.0,7335.0,2.27,150.86,2020-10-10,,
7794625,214606,34490.0,102260309.0,Oct_11_2020,7728086.0,44766,0.58,00,0.2,349220,4.69,1328859,20.55,5000,2.39,21748,11.28,419.0,2.41,0.07,us,2413.92,66.46,531891.0,7754.0,2.4,164.72,2020-10-11,,
7840546,214957,35072.0,103149743.0,Oct_12_2020,7771210.0,45921,0.59,00,0.16,353455,4.72,1335676,20.53,4922,2.34,21398,11.06,351.0,2.43,0.07,us,2428.14,66.57,577812.0,8105.0,2.51,178.94,2020-10-12,,
7894905,215783,36051.0,104003968.0,Oct_13_2020,7819597.0,54359,0.69,00,0.38,364950,4.85,1356692,20.75,5027,2.39,21825,11.25,826.0,2.44,0.07,us,2444.98,66.83,632171.0,8931.0,2.77,195.78,2020-10-13,,
7954777,216792,37048.0,104628789.0,Oct_14_2020,7876394.0,59872,0.76,00,0.47,371838,4.9,1379677,20.98,5040,2.38,22384,11.51,1009.0,2.46,0.07,us,2463.52,67.14,692043.0,9940.0,3.08,214.32,2020-10-14,,
8020104,217585,37308.0,105479593.0,Oct_15_2020,7939566.0,65327,0.82,00,0.37,380790,4.98,1405787,21.25,4905,2.31,21896,11.19,793.0,2.48,0.07,us,2483.75,67.38,757370.0,10733.0,3.32,234.55,2020-10-15,,
8090568,218494,37336.0,106457881.0,Oct_16_2020,8007690.0,70464,0.88,00,0.42,392295,5.1,1436983,21.6,4899,2.29,21808,11.09,909.0,2.51,0.07,us,2505.57,67.67,827834.0,11642.0,3.61,256.37,2020-10-16,,
8143329,219173,37392.0,107406051.0,Oct_17_2020,8065633.0,52761,0.65,00,0.31,393470,5.08,1444434,21.56,4986,2.33,21638,10.95,679.0,2.52,0.07,us,2521.91,67.88,880595.0,12321.0,3.82,272.71,2020-10-17,,
8191211,219541,36415.0,108172840.0,Oct_18_2020,8114555.0,47882,0.59,00,0.17,396586,5.09,1443429,21.39,4935,2.3,21057,10.61,368.0,2.54,0.07,us,2536.74,67.99,928477.0,12689.0,3.93,287.54,2020-10-18,,
8255375,220058,37744.0,109195067.0,Oct_19_2020,8171703.0,64164,0.78,00,0.24,414829,5.29,1465782,21.59,5101,2.37,20904,10.5,517.0,2.56,0.07,us,2556.61,68.15,992641.0,13206.0,4.09,307.41,2020-10-19,,
7309152,207699,30742.0,93715700.0,Oct_1_2020,7244495.0,46418,0.64,00,0.41,304109,4.34,1219648,20.03,4986,2.46,23136,12.54,847.0,2.26,0.06,us,2263.57,64.32,46418.0,847.0,0.26,14.38,2020-10-01,,
7362563,208564,30697.0,94692886.0,Oct_2_2020,7294029.0,53411,0.73,00,0.42,302939,4.29,1240615,20.27,4998,2.46,22925,12.35,865.0,2.28,0.06,us,2280.12,64.59,99829.0,1712.0,0.53,30.92,2020-10-02,,
7410342,209273,30106.0,95539276.0,Oct_3_2020,7345401.0,47779,0.65,00,0.34,308021,4.34,1242000,20.14,4938,2.42,22556,12.08,709.0,2.29,0.06,us,2294.91,64.81,147608.0,2421.0,0.75,45.71,2020-10-03,,
7445405,209606,29944.0,96364124.0,Oct_4_2020,7383840.0,35063,0.47,00,0.16,305786,4.28,1224959,19.69,5004,2.45,21909,11.67,333.0,2.31,0.06,us,2305.77,64.91,182671.0,2754.0,0.85,56.57,2020-10-04,,
7487091,210035,30098.0,97210380.0,Oct_5_2020,7421973.0,41686,0.56,00,0.2,310112,4.32,1224391,19.55,5083,2.48,21626,11.48,429.0,2.32,0.07,us,2318.68,65.05,224357.0,3183.0,0.99,69.48,2020-10-05,,
7529955,210756,31346.0,97932855.0,Oct_6_2020,7460634.0,42864,0.57,00,0.34,309279,4.28,1237256,19.66,4878,2.37,21936,11.62,721.0,2.33,0.07,us,2331.96,65.27,267221.0,3904.0,1.21,82.76,2020-10-06,,
7582939,211752,32105.0,98665547.0,Oct_7_2020,7511236.0,52984,0.7,00,0.47,320205,4.41,1265074,20.02,4900,2.37,22669,11.99,996.0,2.35,0.07,us,2348.36,65.58,320205.0,4900.0,1.52,99.16,2020-10-07,,
7639314,212680,34322.0,99546360.0,Oct_8_2020,7566588.0,56375,0.74,00,0.44,330162,4.52,1292508,20.36,4981,2.4,23139,12.21,928.0,2.37,0.07,us,2365.82,65.86,376580.0,5828.0,1.8,116.62,2020-10-08,,
7698273,213595,34839.0,100497078.0,Oct_9_2020,7623648.0,58959,0.77,00,0.43,335710,4.56,1318135,20.66,5031,2.41,22879,12.0,915.0,2.38,0.07,us,2384.08,66.15,435539.0,6743.0,2.09,134.88,2020-10-09,,
6418198,191631,32421.0,78189575.0,Sep_10_2020,6367117.0,38060,0.6,00,0.48,249856,4.05,1261230,24.46,4914,2.63,27157,16.51,915.0,1.99,0.06,us,1987.65,59.35,372743.0,8159.0,2.53,115.43,2020-09-10,,
6465766,192858,31421.0,78910645.0,Sep_11_2020,6412044.0,47568,0.74,00,0.64,245320,3.94,1254520,24.07,5161,2.75,26906,16.21,1227.0,2.0,0.06,us,2002.39,59.73,420311.0,9386.0,2.91,130.17,2020-09-11,,
6504870,193559,30655.0,79717367.0,Sep_12_2020,6454134.0,39104,0.6,00,0.36,242170,3.87,1239563,23.54,5150,2.73,26394,15.79,701.0,2.01,0.06,us,2014.5,59.94,459415.0,10087.0,3.12,142.28,2020-09-12,,
6538213,193958,29810.0,80329804.0,Sep_13_2020,6488587.0,33343,0.51,00,0.21,245514,3.9,1213429,22.79,5138,2.72,25617,15.22,399.0,2.02,0.06,us,2024.82,60.07,492758.0,10486.0,3.25,152.6,2020-09-13,,
6575100,194408,29895.0,80701552.0,Sep_14_2020,6522451.0,36887,0.56,00,0.23,257235,4.07,1199573,22.32,5325,2.82,25008,14.76,450.0,2.04,0.06,us,2036.25,60.21,529645.0,10936.0,3.39,164.03,2020-09-14,,
6614317,195689,30328.0,81351140.0,Sep_15_2020,6557896.0,39217,0.6,00,0.66,267511,4.21,1196653,22.09,6148,3.24,25775,15.17,1281.0,2.05,0.06,us,2048.39,60.6,568862.0,12217.0,3.78,176.17,2020-09-15,,
6653585,196686,30278.0,81976741.0,Sep_16_2020,6597917.0,39268,0.59,00,0.51,273447,4.29,1198398,21.97,5970,3.13,26237,15.39,997.0,2.06,0.06,us,2060.55,60.91,608130.0,13214.0,4.09,188.33,2020-09-16,,
6698895,197535,29900.0,82709952.0,Sep_17_2020,6641475.0,45310,0.68,00,0.43,280697,4.37,1200475,21.83,5904,3.08,25737,14.98,849.0,2.07,0.06,us,2074.58,61.17,653440.0,14063.0,4.36,202.36,2020-09-17,,
6747782,198484,29501.0,83566093.0,Sep_18_2020,6688961.0,48887,0.73,00,0.48,282016,4.36,1206349,21.77,5626,2.92,25391,14.67,949.0,2.09,0.06,us,2089.72,61.47,702327.0,15012.0,4.65,217.5,2020-09-18,,
6789593,199154,29035.0,84512983.0,Sep_19_2020,6734525.0,41811,0.62,00,0.34,284723,4.38,1202131,21.51,5595,2.89,25018,14.37,670.0,2.1,0.06,us,2102.67,61.68,744138.0,15682.0,4.86,230.45,2020-09-19,,
6089504,184563,35271.0,72405542.0,Sep_1_2020,6042587.0,44049,0.73,00,0.59,296067,5.11,1410213,30.14,6153,3.45,29226,18.81,1091.0,1.89,0.06,us,1885.86,57.16,44049.0,1091.0,0.34,13.64,2020-09-01,,
6825949,199367,28608.0,85303584.0,Sep_20_2020,6770820.0,36356,0.54,00,0.11,287736,4.4,1189458,21.1,5409,2.79,24070,13.73,213.0,2.11,0.06,us,2113.93,61.74,780494.0,15895.0,4.92,241.71,2020-09-20,,
6880899,199797,28755.0,85942856.0,Sep_21_2020,6810292.0,54950,0.81,00,0.22,305799,4.65,1199382,21.11,5389,2.77,23550,13.36,430.0,2.13,0.06,us,2130.95,61.88,835444.0,16325.0,5.06,258.73,2020-09-21,,
6918290,200738,29459.0,86615497.0,Sep_22_2020,6859731.0,37391,0.54,00,0.47,303973,4.6,1204440,21.08,5049,2.58,24045,13.61,941.0,2.14,0.06,us,2142.53,62.17,872835.0,17266.0,5.35,270.31,2020-09-22,,
6959841,201828,29905.0,87416375.0,Sep_23_2020,6898298.0,41551,0.6,00,0.54,306256,4.6,1205587,20.95,5142,2.61,24631,13.9,1090.0,2.16,0.06,us,2155.4,62.5,914386.0,18356.0,5.68,283.18,2020-09-23,,
7005043,202713,30043.0,88218448.0,Sep_24_2020,6942070.0,45202,0.65,00,0.44,306148,4.57,1211606,20.91,5178,2.62,24303,13.62,885.0,2.17,0.06,us,2169.4,62.78,959588.0,19241.0,5.96,297.18,2020-09-24,,
7059624,203566,29769.0,89096343.0,Sep_25_2020,6997596.0,54581,0.78,00,0.42,311842,4.62,1220868,20.91,5082,2.56,23963,13.34,853.0,2.19,0.06,us,2186.3,63.04,1014169.0,20094.0,6.22,314.08,2020-09-25,,
7102321,204335,29554.0,89985494.0,Sep_26_2020,7045452.0,42697,0.6,00,0.38,312728,4.61,1217955,20.7,5181,2.6,23606,13.06,769.0,2.2,0.06,us,2199.52,63.28,1056866.0,20863.0,6.46,327.3,2020-09-26,,
7139619,204602,29434.0,90655018.0,Sep_27_2020,7080906.0,37298,0.53,00,0.13,313670,4.6,1208689,20.38,5235,2.63,22863,12.58,267.0,2.21,0.06,us,2211.07,63.36,1094164.0,21130.0,6.54,338.85,2020-09-27,,
7176979,204952,29608.0,91574039.0,Sep_28_2020,7117430.0,37360,0.52,00,0.17,296080,4.3,1201439,20.11,5155,2.58,22342,12.23,350.0,2.22,0.06,us,2222.64,63.47,1131524.0,21480.0,6.65,350.42,2020-09-28,,
7220676,205878,30391.0,92281568.0,Sep_29_2020,7154377.0,43697,0.61,00,0.45,302386,4.37,1211706,20.16,5140,2.56,22894,12.51,926.0,2.24,0.06,us,2236.17,63.76,1175221.0,22406.0,6.94,363.95,2020-09-29,,
6121948,185639,35569.0,73019975.0,Sep_2_2020,6073190.0,32444,0.53,00,0.58,283192,4.85,1395173,29.52,6036,3.36,29694,19.04,1076.0,1.9,0.06,us,1895.91,57.49,76493.0,2167.0,0.67,23.69,2020-09-02,,
7262734,206852,30877.0,92955835.0,Sep_30_2020,7198801.0,42058,0.58,00,0.47,302893,4.35,1217279,20.14,5024,2.49,23380,12.74,974.0,2.25,0.06,us,2249.2,64.06,1217279.0,23380.0,7.24,376.98,2020-09-30,,
6168342,186717,34682.0,73699205.0,Sep_3_2020,6117904.0,46394,0.76,00,0.58,283976,4.83,1388018,29.04,5988,3.31,29416,18.7,1078.0,1.91,0.06,us,1910.28,57.82,122887.0,3245.0,1.0,38.06,2020-09-03,,
6220446,187697,34099.0,74549817.0,Sep_4_2020,6169495.0,52104,0.84,00,0.52,289516,4.88,1386399,28.68,5958,3.28,29143,18.38,980.0,1.93,0.06,us,1926.41,58.13,174991.0,4225.0,1.31,54.19,2020-09-04,,
6262700,188409,33502.0,75310873.0,Sep_5_2020,6214400.0,42254,0.68,00,0.38,287160,4.81,1371139,28.03,5799,3.18,28784,18.03,712.0,1.94,0.06,us,1939.5,58.35,217245.0,4937.0,1.53,67.28,2020-09-05,,
6292699,188820,32372.0,76013582.0,Sep_6_2020,6247517.0,29999,0.48,00,0.22,283729,4.72,1339981,27.06,5836,3.19,27839,17.29,411.0,1.95,0.06,us,1948.79,58.48,247244.0,5348.0,1.66,76.57,2020-09-06,,
6317865,189083,31999.0,76573198.0,Sep_7_2020,6276199.0,25166,0.4,00,0.14,272410,4.51,1309907,26.16,5611,3.06,27136,16.76,263.0,1.96,0.06,us,1956.58,58.56,272410.0,5611.0,1.74,84.36,2020-09-07,,
6346806,189541,32262.0,77059685.0,Sep_8_2020,6298422.0,28941,0.46,00,0.24,257302,4.23,1290368,25.52,4978,2.7,27055,16.65,458.0,1.97,0.06,us,1965.55,58.7,301351.0,6069.0,1.88,93.33,2020-09-08,,
6380138,190716,32562.0,77613114.0,Sep_9_2020,6329536.0,33332,0.53,00,0.62,258190,4.22,1276527,25.01,5077,2.73,27693,16.99,1175.0,1.98,0.06,us,1975.87,59.06,334683.0,7244.0,2.24,103.65,2020-09-09,,
